ID;requisition_ID;itemNumber;material_ID;description;quantity;unit;unitPrice;currency_code;netAmount;supplier_ID;plant_ID;deliveryDate;createdAt;createdBy;modifiedAt;modifiedBy;purchaseOrderNumber;purchaseOrderItem
e0000001-0000-4000-8000-000000000001;d0000001-0000-4000-8000-000000000001;10;a0000001-0000-4000-8000-000000000001;Steel plate S235JR 10mm;2000.000;KG;2.40;EUR;4800.00;50000001-0000-4000-8000-000000000001;b1000001-0000-4000-8000-000000000001;2027-01-15;2026-09-02T08:14:00Z;rita;2026-09-02T08:14:00Z;rita;;
e0000002-0000-4000-8000-000000000002;d0000002-0000-4000-8000-000000000002;10;a0000003-0000-4000-8000-000000000003;Microcontroller 32bit 168MHz;3000.000;EA;6.75;EUR;20250.00;50000006-0000-4000-8000-000000000006;b1000001-0000-4000-8000-000000000001;2027-02-01;2026-09-08T11:02:00Z;rita;2026-09-08T11:02:00Z;rita;;
e0000003-0000-4000-8000-000000000003;d0000002-0000-4000-8000-000000000002;20;a0000004-0000-4000-8000-000000000004;Industrial PCB 4-layer;200.000;EA;34.50;EUR;6900.00;50000006-0000-4000-8000-000000000006;b1000001-0000-4000-8000-000000000001;2027-02-01;2026-09-08T11:02:00Z;rita;2026-09-08T11:02:00Z;rita;;
e0000004-0000-4000-8000-000000000004;d0000003-0000-4000-8000-000000000003;10;a0000007-0000-4000-8000-000000000007;Notebook 14 inch business line;15.000;EA;1450.00;EUR;21750.00;50000004-0000-4000-8000-000000000004;b1000001-0000-4000-8000-000000000001;2026-12-01;2026-08-19T13:20:00Z;mona;2026-08-19T13:20:00Z;mona;;
e0000005-0000-4000-8000-000000000005;d0000004-0000-4000-8000-000000000004;10;a0000006-0000-4000-8000-000000000006;On-site maintenance day;40.000;DAY;980.00;EUR;39200.00;50000005-0000-4000-8000-000000000005;b1000002-0000-4000-8000-000000000002;2027-03-01;2026-09-01T09:00:00Z;tom;2026-09-01T09:00:00Z;tom;;
e0000006-0000-4000-8000-000000000006;d0000005-0000-4000-8000-000000000005;10;a0000002-0000-4000-8000-000000000002;Aluminium profile 40x40mm;120.000;M;8.90;EUR;1068.00;50000002-0000-4000-8000-000000000002;b1000001-0000-4000-8000-000000000001;2026-09-01;2026-07-14T14:30:00Z;rita;2026-07-14T14:30:00Z;rita;4500000871;00010
e0000007-0000-4000-8000-000000000007;d0000006-0000-4000-8000-000000000006;10;a0000005-0000-4000-8000-000000000005;Engineering service hour;900.000;H;125.00;EUR;112500.00;50000003-0000-4000-8000-000000000003;b1000001-0000-4000-8000-000000000001;2027-04-01;2026-09-15T10:10:00Z;mona;2026-09-15T10:10:00Z;mona;;
e0000008-0000-4000-8000-000000000008;d0000007-0000-4000-8000-000000000007;10;a0000007-0000-4000-8000-000000000007;Notebook 14 inch business line;30.000;EA;1450.00;EUR;43500.00;50000004-0000-4000-8000-000000000004;b1000001-0000-4000-8000-000000000001;2027-01-20;2026-09-16T07:45:00Z;mona;2026-09-16T07:45:00Z;mona;;
e0000009-0000-4000-8000-000000000009;d0000007-0000-4000-8000-000000000007;20;a0000008-0000-4000-8000-000000000008;Docking station USB-C 180W;30.000;EA;210.00;EUR;6300.00;50000004-0000-4000-8000-000000000004;b1000001-0000-4000-8000-000000000001;2027-01-20;2026-09-16T07:45:00Z;mona;2026-09-16T07:45:00Z;mona;;
e0000010-0000-4000-8000-000000000010;d0000008-0000-4000-8000-000000000008;10;a0000009-0000-4000-8000-000000000009;Hydraulic power unit service kit;12.000;EA;2650.00;EUR;31800.00;50000005-0000-4000-8000-000000000005;b1000002-0000-4000-8000-000000000002;2027-01-11;2026-09-14T08:50:00Z;rita;2026-09-14T08:50:00Z;rita;;
