ID;requisition_ID;level_code;decision_code;decidedBy;decidedAt;comment;createdAt;createdBy;modifiedAt;modifiedBy
f0000001-0000-4000-8000-000000000001;d0000002-0000-4000-8000-000000000002;1;APPR;tom;2026-09-10T09:30:00Z;Demand confirmed with production planning.;2026-09-09T16:45:00Z;rita;2026-09-10T09:30:00Z;tom
f0000002-0000-4000-8000-000000000002;d0000002-0000-4000-8000-000000000002;2;PEND;;;;2026-09-09T16:45:00Z;rita;2026-09-08T11:02:00Z;rita
f0000003-0000-4000-8000-000000000003;d0000002-0000-4000-8000-000000000002;3;PEND;;;;2026-09-09T16:45:00Z;rita;2026-09-08T11:02:00Z;rita
f0000004-0000-4000-8000-000000000004;d0000003-0000-4000-8000-000000000003;1;APPR;tom;2026-08-21T07:12:00Z;Within the agreed rollout plan.;2026-08-20T10:00:00Z;mona;2026-08-21T07:12:00Z;tom
f0000005-0000-4000-8000-000000000005;d0000004-0000-4000-8000-000000000004;1;APPR;dana;2026-09-03T08:05:00Z;Technically required.;2026-09-02T12:30:00Z;tom;2026-09-03T08:05:00Z;dana
f0000006-0000-4000-8000-000000000006;d0000004-0000-4000-8000-000000000004;2;REJE;carl;2026-09-04T15:40:00Z;Please re-tender - the incumbent rate is 18% above market.;2026-09-02T12:30:00Z;tom;2026-09-04T15:40:00Z;carl
f0000007-0000-4000-8000-000000000007;d0000005-0000-4000-8000-000000000005;1;APPR;tom;2026-07-16T06:55:00Z;;2026-07-15T08:00:00Z;rita;2026-07-16T06:55:00Z;tom
f0000008-0000-4000-8000-000000000008;d0000008-0000-4000-8000-000000000008;1;APPR;tom;2026-09-15T07:40:00Z;Needed for the Q1 shutdown - agreed with maintenance planning.;2026-09-14T09:20:00Z;rita;2026-09-15T07:40:00Z;tom
f0000009-0000-4000-8000-000000000009;d0000008-0000-4000-8000-000000000008;2;PEND;;;;2026-09-14T09:20:00Z;rita;2026-09-14T09:20:00Z;rita
