ID;requisition_ID;eventType_code;occurredAt;actor;approvalLevel;note
aa000001-0000-4000-8000-000000000001;d0000002-0000-4000-8000-000000000002;SUBM;2026-09-09T16:45:00Z;rita;;
aa000002-0000-4000-8000-000000000002;d0000002-0000-4000-8000-000000000002;APPR;2026-09-10T09:30:00Z;tom;1;Demand confirmed with production planning.
aa000003-0000-4000-8000-000000000003;d0000003-0000-4000-8000-000000000003;SUBM;2026-08-20T10:00:00Z;mona;;
aa000004-0000-4000-8000-000000000004;d0000003-0000-4000-8000-000000000003;APPR;2026-08-21T07:12:00Z;tom;1;Within the agreed rollout plan.
aa000005-0000-4000-8000-000000000005;d0000004-0000-4000-8000-000000000004;SUBM;2026-09-02T12:30:00Z;tom;;
aa000006-0000-4000-8000-000000000006;d0000004-0000-4000-8000-000000000004;APPR;2026-09-03T08:05:00Z;dana;1;Technically required.
aa000007-0000-4000-8000-000000000007;d0000004-0000-4000-8000-000000000004;REJE;2026-09-04T15:40:00Z;carl;2;Please re-tender - the incumbent rate is 18% above market.
aa000008-0000-4000-8000-000000000008;d0000005-0000-4000-8000-000000000005;SUBM;2026-07-15T08:00:00Z;rita;;
aa000009-0000-4000-8000-000000000009;d0000005-0000-4000-8000-000000000005;APPR;2026-07-16T06:55:00Z;tom;1;
aa000010-0000-4000-8000-000000000010;d0000005-0000-4000-8000-000000000005;ORDR;2026-07-20T09:15:00Z;rita;;4500000871
aa000011-0000-4000-8000-000000000011;d0000008-0000-4000-8000-000000000008;SUBM;2026-09-14T09:20:00Z;rita;;
aa000012-0000-4000-8000-000000000012;d0000008-0000-4000-8000-000000000008;APPR;2026-09-15T07:40:00Z;tom;1;Needed for the Q1 shutdown - agreed with maintenance planning.
